Workbook

Sheet Citeste-ma
A1: KUROTSUKI: ENDLESS NIGHT — liste de design
A3: Foi: Upgrades (numere), Relics (reguli care schimbă jocul), Kata (tehnici: Opening, Flow, Finisher, Master), Arena_Omens (prevestirile Arenei), Corruption (idei în așteptare), Sumar.
A4: Rândurile gri sunt ce EXISTĂ deja în joc. Restul sunt propuneri noi de la mine.
A5: Ce completezi tu: coloanele GALBENE (Decizie și Comentarii). În Decizie alegi din listă: DA, NU, MODIFIC sau DE DISCUTAT.
A6: Exemplu: la rândul „Ghost Sandals” pui DA în Decizie și în Comentarii „fă-l 20%”.
A7: Implementare: Stat existent = merge cu un stat deja în joc; Stat nou = trebuie adăugat un stat; Cod nou = trebuie scris script (pentru Kata, legat de evenimentele Kata).
A8: Build-uri: Dodge & Counter, Crit & Execution, Speed & Flow, Survival, Economy. Ele ajută la echilibru: vezi foaia Sumar.
A9: Corruption și Cursed sunt doar idei în așteptare: nu intră în joc până nu decizi tu.
A10: Numele sunt în engleză (cum apar în joc), descrierile în română. Valorile numerice sunt puncte de plecare, le ajustăm la testare.
A11: Ca modificare - Ultimata trebuie sa se incarce mai incet (mai greu). Ultimata se incarca numai cand faci kills, astfel incat jucatorul sa nu stea sa se incarce ultimata inainte de fiecare boss.
A12: Trebuie sa mai punem la punct un aspect legat de Kata: Open, deschide Kata. O data ajuns la Flow, acesta trebuie sa ofere (cat timp e activ) DMG extra, attack speed, (alt efect). Finisherul are deja "combo" extra si inchide Kata. Dupa ca se reia I data ce conditia de Open e indeplinita iar.

Sheet Sumar
A1: Sumar listă (se actualizează automat)
A3: Pe build
A4: Build | B4: Upgrades | C4: Relics | D4: Kata | E4: Total
A5: Dodge & Counter | B5: =COUNTIF(Upgrades!$D$2:$D$67,A5) -> 13 | C5: =COUNTIF(Relics!$C$2:$C$29,A5) -> 7 | D5: =COUNTIF(Kata!$D$2:$D$42,A5) -> 9 | E5: =SUM(B5:D5) -> 29
A6: Crit & Execution | B6: =COUNTIF(Upgrades!$D$2:$D$67,A6) -> 14 | C6: =COUNTIF(Relics!$C$2:$C$29,A6) -> 3 | D6: =COUNTIF(Kata!$D$2:$D$42,A6) -> 15 | E6: =SUM(B6:D6) -> 32
A7: Speed & Flow | B7: =COUNTIF(Upgrades!$D$2:$D$67,A7) -> 16 | C7: =COUNTIF(Relics!$C$2:$C$29,A7) -> 8 | D7: =COUNTIF(Kata!$D$2:$D$42,A7) -> 13 | E7: =SUM(B7:D7) -> 37
A8: Survival | B8: =COUNTIF(Upgrades!$D$2:$D$67,A8) -> 17 | C8: =COUNTIF(Relics!$C$2:$C$29,A8) -> 5 | D8: =COUNTIF(Kata!$D$2:$D$42,A8) -> 3 | E8: =SUM(B8:D8) -> 25
A9: Economy | B9: =COUNTIF(Upgrades!$D$2:$D$67,A9) -> 5 | C9: =COUNTIF(Relics!$C$2:$C$29,A9) -> 4 | D9: =COUNTIF(Kata!$D$2:$D$42,A9) -> 0 | E9: =SUM(B9:D9) -> 9
A10: Total (fără Corruption) | B10: =SUM(B5:B9) -> 65 | C10: =SUM(C5:C9) -> 27 | D10: =SUM(D5:D9) -> 40 | E10: =SUM(E5:E9) -> 132
A11: Corruption / Cursed (în așteptare) | B11: =COUNTIF(Upgrades!$D$2:$D$67,"Corruption*") -> 1
A13: Kata pe categorie
A14: Categorie | B14: Există | C14: Nou | D14: Total
A15: Opening | B15: =COUNTIFS(Kata!$C$2:$C$42,A15,Kata!$G$2:$G$42,"Există") -> 3 | C15: =COUNTIFS(Kata!$C$2:$C$42,A15,Kata!$G$2:$G$42,"Nou") -> 7 | D15: =B15+C15 -> 10
A16: Flow | B16: =COUNTIFS(Kata!$C$2:$C$42,A16,Kata!$G$2:$G$42,"Există") -> 3 | C16: =COUNTIFS(Kata!$C$2:$C$42,A16,Kata!$G$2:$G$42,"Nou") -> 7 | D16: =B16+C16 -> 10
A17: Finisher | B17: =COUNTIFS(Kata!$C$2:$C$42,A17,Kata!$G$2:$G$42,"Există") -> 3 | C17: =COUNTIFS(Kata!$C$2:$C$42,A17,Kata!$G$2:$G$42,"Nou") -> 8 | D17: =B17+C17 -> 11
A18: Master | B18: =COUNTIFS(Kata!$C$2:$C$42,A18,Kata!$G$2:$G$42,"Există") -> 2 | C18: =COUNTIFS(Kata!$C$2:$C$42,A18,Kata!$G$2:$G$42,"Nou") -> 8 | D18: =B18+C18 -> 10
A20: Decizii (completezi în coloana galbenă din fiecare foaie)
A21: Foaie | B21: DA | C21: NU | D21: MODIFIC | E21: DE DISCUTAT | F21: Necompletat
A22: Upgrades | B22: =COUNTIF(Upgrades!$H$2:$H$67,"DA") -> 59 | C22: =COUNTIF(Upgrades!$H$2:$H$67,"NU") -> 3 | D22: =COUNTIF(Upgrades!$H$2:$H$67,"MODIFIC") -> 1 | E22: =COUNTIF(Upgrades!$H$2:$H$67,"DE DISCUTAT") -> 3 | F22: =COUNTA(Upgrades!$A$2:$A$67)-SUM(B22:E22) -> 0
A23: Relics | B23: =COUNTIF(Relics!$I$2:$I$29,"DA") -> 26 | C23: =COUNTIF(Relics!$I$2:$I$29,"NU") -> 2 | D23: =COUNTIF(Relics!$I$2:$I$29,"MODIFIC") -> 0 | E23: =COUNTIF(Relics!$I$2:$I$29,"DE DISCUTAT") -> 0 | F23: =COUNTA(Relics!$A$2:$A$29)-SUM(B23:E23) -> 0
A24: Kata | B24: =COUNTIF(Kata!$H$2:$H$42,"DA") -> 37 | C24: =COUNTIF(Kata!$H$2:$H$42,"NU") -> 3 | D24: =COUNTIF(Kata!$H$2:$H$42,"MODIFIC") -> 0 | E24: =COUNTIF(Kata!$H$2:$H$42,"DE DISCUTAT") -> 1 | F24: =COUNTA(Kata!$A$2:$A$42)-SUM(B24:E24) -> 0
A25: Arena_Omens | B25: =COUNTIF(Arena_Omens!$F$2:$F$11,"DA") -> 10 | C25: =COUNTIF(Arena_Omens!$F$2:$F$11,"NU") -> 0 | D25: =COUNTIF(Arena_Omens!$F$2:$F$11,"MODIFIC") -> 0 | E25: =COUNTIF(Arena_Omens!$F$2:$F$11,"DE DISCUTAT") -> 0 | F25: =COUNTA(Arena_Omens!$A$2:$A$11)-SUM(B25:E25) -> 0
A26: Corruption | B26: =COUNTIF(Corruption!$E$4:$E$13,"DA") -> 7 | C26: =COUNTIF(Corruption!$E$4:$E$13,"NU") -> 2 | D26: =COUNTIF(Corruption!$E$4:$E$13,"MODIFIC") -> 1 | E26: =COUNTIF(Corruption!$E$4:$E$13,"DE DISCUTAT") -> 0 | F26: =COUNTA(Corruption!$A$4:$A$13)-SUM(B26:E26) -> 0

Sheet Upgrades
A1: ID | B1: Nume | C1: Raritate | D1: Build | E1: Efect (RO) | F1: Implementare | G1: Status | H1: Decizie | I1: Comentarii
A2: blood_edge | B2: Blood Edge | C2: Common | D2: Crit & Execution | E2: +20% damage la atac | F2: Stat existent | G2: Există | H2: DA | I2: modifica cu 15%
A3: crimson_meal | B3: Crimson Meal | C3: Rare | D3: Survival | E3: Vindecă 3 HP la fiecare kill | F3: Stat existent | G3: Există | H3: DA
A4: dark_breath | B4: Dark Breath | C4: Epic | D4: Corruption (în așteptare) | E4: Fiecare lovitură adaugă 3 Corruption | F4: Stat existent | G4: Există | H4: DA | I4: Fiecare kill adaugă 3 Corruption
A5: executioner | B5: Executioner | C5: Rare | D5: Crit & Execution | E5: +50% damage împotriva inamicilor sub 30% HP | F5: Stat existent | G5: Există | H5: DA
A6: iron_skin | B6: Iron Skin | C6: Common | D6: Survival | E6: -15% damage primit | F6: Stat existent | G6: Există | H6: DA | I6: modifica cu 10%
A7: keen_edge | B7: Keen Edge | C7: Rare | D7: Crit & Execution | E7: +10% șansă de critic | F7: Stat existent | G7: Există | H7: DA
A8: sakura_step | B8: Sakura Step | C8: Common | D8: Speed & Flow | E8: +15% viteză de mișcare | F8: Stat existent | G8: Există | H8: DA
A9: shadow_step | B9: Shadow Step | C9: Epic | D9: Dodge & Counter | E9: +1 încărcare de dash | F9: Stat existent | G9: Există | H9: DA
A10: swift_blade | B10: Swift Blade | C10: Common | D10: Speed & Flow | E10: +20% viteză de atac | F10: Stat existent | G10: Există | H10: DA | I10: modifica cu 15%
A11: vital_spirit | B11: Vital Spirit | C11: Common | D11: Survival | E11: +25 HP maxim | F11: Stat existent | G11: Există | H11: DA | I11: modifica cu 20
A12: ghost_sandals | B12: Ghost Sandals | C12: Common | D12: Dodge & Counter | E12: Dash-ul se reîncarcă cu 15% mai repede | F12: Stat nou | G12: Nou | H12: DA
A13: long_stride | B13: Long Stride | C13: Common | D13: Dodge & Counter | E13: Dash-ul parcurge cu 20% mai mult | F13: Stat nou | G13: Nou | H13: DE DISCUTAT
A14: phantom_window | B14: Phantom Window | C14: Rare | D14: Dodge & Counter | E14: Fereastra de Perfect Dodge e cu 40% mai lungă (0,10 s -> 0,14 s) | F14: Stat nou | G14: Nou | H14: DA
A15: afterimage | B15: Afterimage | C15: Rare | D15: Dodge & Counter | E15: Dash-ul te face invulnerabil cu 0,1 s mai mult | F15: Stat nou | G15: Nou | H15: NU
A16: riposte_edge | B16: Riposte Edge | C16: Rare | D16: Dodge & Counter | E16: După un Perfect Dodge, următorul atac face +50% damage (3 s) | F16: Cod nou (eveniment Kata) | G16: Nou | H16: DA
A17: slipstream | B17: Slipstream | C17: Common | D17: Dodge & Counter | E17: După dash ai +20% viteză 2 secunde | F17: Cod nou | G17: Nou | H17: DA
A18: mirror_step | B18: Mirror Step | C18: Epic | D18: Dodge & Counter | E18: Un Perfect Dodge îți returnează încărcarea de dash | F18: Cod nou (eveniment Kata) | G18: Nou | H18: DA
A19: cutting_wind | B19: Cutting Wind | C19: Rare | D19: Dodge & Counter | E19: Dash-ul rănește inamicii prin care treci (10 damage) | F19: Cod nou | G19: Nou | H19: NU
A20: quick_recovery | B20: Quick Recovery | C20: Common | D20: Dodge & Counter | E20: Fiecare lovitură dată reduce cooldown-ul dash-ului cu 0,2 s | F20: Cod nou | G20: Nou | H20: DA
A21: time_slip | B21: Time Slip | C21: Epic | D21: Dodge & Counter | E21: Un Perfect Dodge încetinește inamicii din jur 1 secundă | F21: Cod nou (eveniment Kata) | G21: Nou | H21: MODIFIC | I21: se adauga overall un efect de perfect dodge, care incetinste timpul. Acest upgrade creste durata de incetinire a timpului.
A22: twin_moons | B22: Twin Moons | C22: Legendary | D22: Dodge & Counter | E22: +2 încărcări de dash | F22: Stat existent | G22: Nou | H22: DA
A23: lucky_thread | B23: Lucky Thread | C23: Common | D23: Dodge & Counter | E23: 10% șansă ca o lovitură primită să facă 0 damage | F23: Stat nou | G23: Nou | H23: DA
A24: sharp_focus | B24: Sharp Focus | C24: Common | D24: Crit & Execution | E24: +5% șansă de critic | F24: Stat existent | G24: Nou | H24: DA
A25: heavy_hands | B25: Heavy Hands | C25: Common | D25: Crit & Execution | E25: Loviturile critice fac +25% damage în plus | F25: Stat nou | G25: Nou | H25: DA
A26: killing_intent | B26: Killing Intent | C26: Rare | D26: Crit & Execution | E26: Pragul de execuție crește de la 30% la 45% HP | F26: Stat nou | G26: Nou | H26: DE DISCUTAT
A27: soul_reaper | B27: Soul Reaper | C27: Rare | D27: Crit & Execution | E27: Fiecare kill încarcă Ultimate-ul cu 5% | F27: Cod nou | G27: Nou | H27: DA
A28: bloodthirst | B28: Bloodthirst | C28: Common | D28: Survival | E28: Vindecă +1 HP la kill | F28: Stat existent | G28: Nou | H28: DA
A29: bleeding_cut | B29: Bleeding Cut | C29: Rare | D29: Crit & Execution | E29: Criticele fac inamicul să sângereze 3 secunde | F29: Cod nou | G29: Nou | H29: DA
A30: finish_them | B30: Finish Them | C30: Rare | D30: Crit & Execution | E30: Heavy face +30% damage împotriva inamicilor sub 40% HP | F30: Cod nou (eveniment Kata) | G30: Nou | H30: DA
A31: deadeye | B31: Deadeye | C31: Epic | D31: Crit & Execution | E31: Prima lovitură pe fiecare inamic are +15% șansă de critic | F31: Cod nou | G31: Nou | H31: DA
A32: overkill_wave | B32: Overkill Wave | C32: Epic | D32: Crit & Execution | E32: Damage-ul în exces la un kill rănește inamicii apropiați (50%) | F32: Cod nou | G32: Nou | H32: DA
A33: death_mark | B33: Death Mark | C33: Epic | D33: Crit & Execution | E33: Inamicii sub 10% HP mor din orice lovitură ușoară | F33: Cod nou | G33: Nou | H33: DA
... A68: cursed_wound | B68: Cursed Wound | C68: Epic | D68: Crit & Execution | E68: Loviturile critice pot aplica bleed | F68: Cod nou | G68: Nou | H68: DA

Sheet Relics
A1: ID | B1: Nume | C1: Build | D1: Regulă (RO) | E1: Declanșator | F1: Dezavantaj | G1: Implementare | H1: Status | I1: Decizie | J1: Comentarii
A2: fox_mask | B2: Fox Mask | C2: Survival | D2: Blochează prima lovitură primită în fiecare cameră | E2: Intrare în cameră | F2: - | G2: Stat existent | H2: Există | I2: DA
A3: black_pearl | B3: Black Pearl | C3: Economy | D3: +50% aur din camere; Shop-urile costă cu 20% mai puțin | E3: Pasiv | F3: - | G3: Stat existent | H3: Există | I3: DA | J3: extra 20% aur (nu 50%)
A4: oni_horn | B4: Oni Horn | C4: Crit & Execution | D4: +25% damage, dar -20% HP maxim | E4: Pasiv | F4: -20% HP maxim | G4: Stat existent | H4: Există | I4: DA
A5: samurai_eye | B5: Samurai Eye | C5: Dodge & Counter | D5: Un Perfect Dodge încetinește timpul 0,3 secunde | E5: Perfect Dodge | F5: - | G5: Cod nou (eveniment Kata) | H5: Nou | I5: DA | J5: Se adauga la timpul genersal de incetinire
A6: kurotsuki_eye | B6: Kurotsuki Eye | C6: Crit & Execution | D6: Un kill marchează cel mai apropiat inamic: primește +25% damage | E6: Kill | F6: - | G6: Cod nou (eveniment Kata) | H6: Nou | I6: DA
A7: sakura_charm | B7: Sakura Charm | C7: Survival | D7: Un Finisher care ucide vindecă 5 HP | E7: Finisher + kill | F7: - | G7: Cod nou (eveniment Kata) | H7: Nou | I7: DA
A8: crow_feather | B8: Crow Feather | C8: Dodge & Counter | D8: Dash-ul lasă o dâră care rănește si aplica bleed inamicilor (5 damage/s) | E8: Dash | F8: - | G8: Cod nou | H8: Nou | I8: DA
A9: paper_lantern | B9: Paper Lantern | C9: Speed & Flow | D9: Flow-ul nu scade 1 secundă după fiecare lovitură | E9: Lovitură | F9: - | G9: Cod nou (eveniment Kata) | H9: Nou | I9: DA
A10: broken_hilt | B10: Broken Katana Hilt | C10: Speed & Flow | D10: Finisher-ul trimite și o undă de tăiere înainte | E10: Finisher | F10: - | G10: Cod nou (eveniment Kata) | H10: Nou | I10: DA
A11: moon_shard | B11: Moon Shard | C11: Speed & Flow | D11: Orice Opening pornește Kata cu 50% Flow | E11: Kata se deschide | F11: - | G11: Cod nou (eveniment Kata) | H11: Nou | I11: DA
A12: tengu_fan | B12: Tengu Fan | C12: Dodge & Counter | D12: Perfect Dodge împinge inamicii din jur înapoi | E12: Perfect Dodge | F12: - | G12: Cod nou (eveniment Kata) | H12: Nou | I12: DA
A13: kitsune_tail | B13: Kitsune Tail | C13: Dodge & Counter | D13: După Perfect Dodge: +30% viteză și arcașii te pierd din ochi 2 s | E13: Perfect Dodge | F13: - | G13: Cod nou (eveniment Kata) | H13: Nou | I13: DA
A14: jade_bead | B14: Jade Bead | C14: Survival | D14: Fiecare level up vindecă 30% HP | E14: Level up | F14: - | G14: Cod nou | H14: Nou | I14: DA
A15: ronin_sandal | B15: Ronin's Sandal | C15: Dodge & Counter | D15: Primul dash din fiecare cameră nu consumă încărcare | E15: Intrare în cameră | F15: - | G15: Cod nou | H15: Nou | I15: NU
A16: daruma_doll | B16: Daruma Doll | C16: Survival | D16: O dată pe biom, o lovitură letală te lasă cu 1 HP | E16: Lovitură letală | F16: - | G16: Cod nou | H16: Nou | I16: DA
A17: shrine_bell | B17: Shrine Bell | C17: Speed & Flow | D17: Camerele de boss și mini-boss încep cu Kata deschis și Flow plin | E17: Intrare în cameră boss | F17: - | G17: Cod nou (eveniment Kata) | H17: Nou | I17: DA
A18: onibi_flame | B18: Onibi Flame | C18: Bleed | D18: Kill-urile au 20% șansă să lase o flacără care aplica bleed inamicilor ce trec prin ea | E18: Kill | F18: - | G18: Cod nou | H18: Nou | I18: DA
A19: iron_fan | B19: Iron Fan | C19: Dodge & Counter | D19: Heavy distruge proiectilele inamice din arcul lui | E19: Heavy | F19: - | G19: Cod nou | H19: Nou | I19: DA | J19: aplicabil pentru orice proiectil
A20: hannya_mask | B20: Hannya Mask | C20: Crit & Execution | D20: Criticele fac +100% damage, dar -10% HP maxim | E20: Critic | F20: -10% HP maxim | G20: Stat nou | H20: Nou | I20: DA
A21: gold_frog | B21: Gold Frog | C21: Economy | D21: Fiecare monedă ridicată vindecă 1 HP | E21: Aur ridicat | F21: - | G21: Cod nou | H21: Nou | I21: DA
A22: duel_scroll | B22: Scroll of Duels | C22: Speed & Flow | D22: Recompensele din Duel și Arenă au o carte în plus | E22: Duel / Arenă | F22: - | G22: Cod nou | H22: Nou | I22: DA
A23: merchant_seal | B23: Merchant's Seal | C23: Economy | D23: Shop-ul are un obiect în plus și tehnicile Kata apar de 2 ori mai des | E23: Intrare în Shop | F23: - | G23: Cod nou | H23: Nou | I23: DA
A24: whetstone | B24: Whetstone | C24: Speed & Flow | D24: +15% damage cât timp Kata e deschis | E24: Kata deschis | F24: - | G24: Cod nou (eveniment Kata) | H24: Nou | I24: DA
A25: wanderer_map | B25: Wanderer's Map | C25: Economy | D25: Minimap-ul arată tipul camerelor vecine, nu doar ușile | E25: Pasiv | F25: - | G25: Cod nou | H25: Nou | I25: DA
A26: calligraphy_ink | B26: Calligrapher's Ink | C26: Speed & Flow | D26: Tehnicile Master apar mai des în Duel și Arenă (+25% șansă) | E26: Duel / Arenă | F26: - | G26: Cod nou (eveniment Kata) | H26: Nou | I26: DA
A27: mountain_heart | B27: Heart of the Mountain | C27: Survival | D27: +30 HP maxim, dar -10% viteză de mișcare | E27: Pasiv | F27: -10% viteză | G27: Stat existent | H27: Nou | I27: DA
A28: dancer_ribbon | B28: Dancer's Ribbon | C28: Dodge & Counter | D28: Dash-ul prin inamici le dă 5 damage și îți dă 10% Flow | E28: Dash | F28: - | G28: Cod nou (eveniment Kata) | H28: Nou | I28: NU
A29: spirit_lantern | B29: Spirit Lantern | C29: Speed & Flow | D29: Ultimate-ul se încarcă cu 25% mai repede și kill-urile din Ultimate îl prelungesc | E29: Ultimate | F29: - | G29: Cod nou | H29: Nou | I29: DA
A30: soul_syphon | B30: Soul Syphon | C30: Survival | D30: Efectele de bleed ofera lifestyle pe toata durata bleed ului inimacilor | E30: Pasiv | F30: - | G30: Cod nou | H30: Nou | I30: DA
A31: vanish | B31: Vanish | C31: Dodge & Counter | D31: Perfect Dodge te face invizibil pentru 0.8 secunde | E31: Perfect Dodge | F31: - | G31: Cod nou | H31: Nou | I31: DA

Sheet Kata
A1: ID | B1: Nume | C1: Categorie | D1: Build | E1: Efect (RO) | F1: Implementare | G1: Status | H1: Decizie | I1: Comentarii
A2: quick_draw | B2: Quick Draw | C2: Opening | D2: Dodge & Counter | E2: Se deschide la dash; începe cu 25% Flow | F2: Cod nou (eveniment Kata) | G2: Există | H2: DA
A3: riposte_step | B3: Riposte Step | C3: Opening | D3: Dodge & Counter | E3: Se deschide la Perfect Dodge; începe cu 60% Flow | F3: Cod nou (eveniment Kata) | G3: Există | H3: DA
A4: ghost_step | B4: Ghost Step | C4: Opening | D4: Crit & Execution | E4: Se deschide la o lovitură în spatele inamicului; începe cu 30% Flow | F4: Cod nou (eveniment Kata) | G4: Există | H4: DA
A5: wounded_resolve | B5: Wounded Resolve | C5: Opening | D5: Survival | E5: Se deschide când primești damage; începe cu 40% Flow | F5: Cod nou (eveniment Kata) | G5: Nou | H5: DA
A6: crescent_entry | B6: Crescent Entry | C6: Opening | D6: Speed & Flow | E6: Se deschide când folosești Iaijutsu | F6: Cod nou (eveniment Kata) | G6: Nou | H6: DA
A7: shadow_vault | B7: Shadow Vault | C7: Opening | D7: Dodge & Counter | E7: Se deschide când folosești Kaeshi | F7: Cod nou (eveniment Kata) | G7: Nou | H7: DA
A8: dawn_bell | B8: Dawn Bell | C8: Opening | D8: Speed & Flow | E8: Se deschide la intrarea în orice cameră cu 20% Flow | F8: Cod nou (eveniment Kata) | G8: Nou | H8: NU
A9: hunters_mark | B9: Hunter's Mark | C9: Opening | D9: Crit & Execution | E9: Se deschide la un kill | F9: Cod nou (eveniment Kata) | G9: Nou | H9: DA
A10: critical_spark | B10: Critical Spark | C10: Opening | D10: Crit & Execution | E10: Se deschide la o lovitură critică | F10: Cod nou (eveniment Kata) | G10: Nou | H10: DA
A11: thousand_cuts | B11: Thousand Cuts | C11: Opening | D11: Speed & Flow | E11: Se deschide la prima lovitură pe un inamic cu HP plin | F11: Cod nou (eveniment Kata) | G11: Nou | H11: DA
A12: crimson_rhythm | B12: Crimson Rhythm | C12: Flow | D12: Speed & Flow | E12: Fiecare lovitură consecutivă valorează mai mult Flow; lovitura primită rupe ritmul | F12: Cod nou (eveniment Kata) | G12: Există | H12: DA
A13: untouched_edge | B13: Untouched Edge | C13: Flow | D13: Dodge & Counter | E13: Flow rapid, dar prima lovitură primită îl șterge complet | F13: Cod nou (eveniment Kata) | G13: Există | H13: DE DISCUTAT | I13: la "flow mai rapid" ne referim la atac speed
A14: many_faces | B14: Many Faces | C14: Flow | D14: Speed & Flow | E14: Lovirea unui inamic nou dă mult Flow | F14: Cod nou (eveniment Kata) | G14: Există | H14: NU
A15: blood_tempo | B15: Blood Tempo | C15: Flow | D15: Crit & Execution | E15: Flow crește cu kill-urile (+25% per kill), nu cu loviturile | F15: Cod nou (eveniment Kata) | G15: Nou | H15: NU
A16: crit_current | B16: Crit Current | C16: Flow | D16: Crit & Execution | E16: Criticele dau mult Flow (+40%), loviturile normale puțin | F16: Cod nou (eveniment Kata) | G16: Nou | H16: DA
A17: dancing_blade | B17: Dancing Blade | C17: Flow | D17: Dodge & Counter | E17: Flow crește când folosești dash (+10% per dash) | F17: Cod nou (eveniment Kata) | G17: Nou | H17: DA
A18: still_water | B18: Still Water | C18: Flow | D18: Survival | E18: Flow crește constant în timp (+20%/s), dar damage-ul primit îl înjumătățește | F18: Cod nou (eveniment Kata) | G18: Nou | H18: DA
A19: perfect_tempo | B19: Perfect Tempo | C19: Flow | D19: Dodge & Counter | E19: Un Perfect Dodge dă +50% Flow | F19: Cod nou (eveniment Kata) | G19: Nou | H19: DA
A20: skill_weaver | B20: Skill Weaver | C20: Flow | D20: Speed & Flow | E20: Iaijutsu, Kaeshi și Ultimate dau +30% Flow | F20: Cod nou (eveniment Kata) | G20: Nou | H20: DA
A21: backstab_rhythm | B21: Backstab Rhythm | C21: Flow | D21: Crit & Execution | E21: Loviturile în spate dau +30% Flow | F21: Cod nou (eveniment Kata) | G21: Nou | H21: DA
A22: moon_sever | B22: Moon Sever | C22: Finisher | D22: Crit & Execution | E22: Tăietură uriașă (x1,6 rază), mai puternică cu Flow | F22: Cod nou (eveniment Kata) | G22: Există | H22: DA
A23: crimson_execution | B23: Crimson Execution | C23: Finisher | D23: Crit & Execution | E23: Inamicii rămași sub 30% HP mor pe loc | F23: Cod nou (eveniment Kata) | G23: Există | H23: DA
A24: whirlwind | B24: Whirlwind | C24: Finisher | D24: Speed & Flow | E24: Tăietura devine un cerc în jurul tău | F24: Cod nou (eveniment Kata) | G24: Există | H24: DA
A25: gale_slash | B25: Gale Slash | C25: Finisher | D25: Crit & Execution | E25: Trimite o undă de tăiere care străpunge inamicii pe 12 metri | F25: Cod nou (eveniment Kata) | G25: Nou | H25: DA
A26: twin_fang | B26: Twin Fang | C26: Finisher | D26: Speed & Flow | E26: Heavy lovește de două ori (a doua oară 60% damage) | F26: Cod nou (eveniment Kata) | G26: Nou | H26: DA | I26: Combo de 2 atacuri diferite
A27: blood_harvest | B27: Blood Harvest | C27: Finisher | D27: Survival | E27: Vindecă 3 HP pentru fiecare inamic lovit | F27: Cod nou (eveniment Kata) | G27: Nou | H27: DA
A28: shatter | B28: Shatter | C28: Finisher | D28: Crit & Execution | E28: Inamicii loviți sunt amețiți 1,5 s și primesc +25% damage | F28: Cod nou (eveniment Kata) | G28: Nou | H28: DA
A29: spirit_cleave | B29: Spirit Cleave | C29: Finisher | D29: Crit & Execution | E29: Damage-ul crește cu 20% pentru fiecare inamic din arc | F29: Cod nou (eveniment Kata) | G29: Nou | H29: DA
A30: crimson_rain | B30: Crimson Rain | C30: Finisher | D30: Bleed | E30: Lasă o zonă care aplica bleed pe inamici timp de 3 secunde | F30: Cod nou (eveniment Kata) | G30: Nou | H30: DA
A31: tremor | B31: Tremor | C31: Finisher | D31: Crit & Execution | E31: Lasă o zonă care raneste inamicii 3 secunde | F31: Cod nou (eveniment Kata) | G31: Nou | H31: DA
A32: storm_step | B32: Storm Step | C32: Finisher | D32: Dodge & Counter | E32: Heavy te face invulnerabil în timpul lui | F32: Cod nou (eveniment Kata) | G32: Nou | H32: DA
A33: perfect_draw | B33: Perfect Draw | C33: Master | D33: Dodge & Counter | E33: Un Perfect Dodge face următorul Finisher critic garantat | F33: Cod nou (eveniment Kata) | G33: Există | H33: DA
A34: shadow_doppelganger | B34: Shadow Doppelganger | C34: Master | D34: Speed & Flow | E34: O umbră repetă fiecare Finisher (60% damage) | F34: Cod nou (eveniment Kata) | G34: Există | H34: DA
A35: echo_opening | B35: Echo Opening | C35: Master | D35: Speed & Flow | E35: După un Finisher, Kata se redeschide imediat cu 30% Flow | F35: Cod nou (eveniment Kata) | G35: Nou | H35: DA
A36: dual_flow | B36: Dual Flow | C36: Master | D36: Speed & Flow | E36: Poți purta două tehnici Flow în același timp | F36: Cod nou (eveniment Kata) | G36: Nou | H36: DA
A37: perfect_silence | B37: Perfect Silence | C37: Master | D37: Dodge & Counter | E37: Un Perfect Dodge îngheață inamicii din jur 1 secundă | F37: Cod nou (eveniment Kata) | G37: Nou | H37: DA
A38: blood_oath | B38: Blood Oath | C38: Master | D38: Crit & Execution | E38: Finisher-ul primește +1% damage per kill din camera curentă (max +100%) | F38: Cod nou (eveniment Kata) | G38: Nou | H38: DA
... A42: moonlit_execution | B42: Moonlit Execution | C42: Master | D42: Crit & Execution | E42: Cu Flow plin, Finisher-ul este întotdeauna critic | F42: Cod nou (eveniment Kata) | G42: Nou | H42: DA

Sheet Arena_Omens
A1: Nume | B1: Dificultate | C1: Efect asupra luptei | D1: Recompensă | E1: Status | F1: Decizie | G1: Comentarii
A2: Pale Moon | B2: Ușor | C2: Inamici normali, 3 valuri (4/5/6) | D2: Tehnică + 40 EXP + 30 aur | E2: Există | F2: DA
A3: Blood Moon | B3: Mediu | C3: +30% HP, +25% damage, +1 inamic/val, 1 Heavy în ultimul val | D3: Tehnică + 90 EXP + 60 aur | E3: Există | F3: DA
A4: Black Storm | B4: Greu | C4: +60% HP, +50% damage, +2 inamici/val, 2 Heavy în ultimul val | D4: Tehnică + 180 EXP + 120 aur, 35% șansă Master | E4: Există | F4: DA
A5: Fog of Ghosts | B5: Mediu | C5: Ceață deasă: vizibilitate redusă, inamicii apar și dispar din ceață | D5: Tehnică + 100 EXP | E5: Nou | F5: DA
A6: Iron Rain | B6: Mediu | C6: Ploaie de săgeți pe zone marcate pe podea pe tot parcursul luptei | D6: Tehnică + 70 gold + 70 EXP | E6: Nou | F6: DA
A7: Eclipse | B7: Greu | C7: Toți inamicii +30% viteză; nu poți vedea telegraph-ul primei lovituri | D7: Tehnică + 150 aur | E7: Nou | F7: DA
A8: Hunger Moon | B8: Greu | C8: Nu te poți vindeca în arenă (fără life on kill, fără heal) | D8: Tehnică + o reluare a ofertei | E8: Nou | F8: DA
A9: Silent Night | B9: Foarte greu | C9: Ultimate-ul nu se încarcă; inamicii +40% HP | D9: Tehnică + 50% șansă Master | E9: Nou | F9: DA
A10: Crimson Tide | B10: Mediu | C10: Inamicii explodă la moarte (zonă mică de damage) | D10: Tehnică + 90 EXP | E10: Nou | F10: DA
A11: Twin Suns | B11: Greu | C11: Valurile vin în perechi: două grupuri odată, 2 valuri în loc de 3 | D11: Tehnică + 120 EXP + 80 aur | E11: Nou | F11: DA

Sheet Corruption
A1: Nume | B1: Tip | C1: Idee (în așteptare, decizi tu) | D1: Notă | E1: Decizie | F1: Comentarii
A2: Regula noua overall pentru Corruption: Corruption creste usor cu fiecare Kill pana ajunge la 100%. Atunci cand bara de coruptie ajunge la 100% jucatorul devide posedat (I se schimba infatisarea, apare o aura mov inchis cu negru in jurul lui, iar hainele si parul sa misca constant ca si cum vantul bate mereu pe el). o data ajuns la 100% jucatorul intra un rage mode, unde are: Viteza de miscare mai mare Viteza de atac mai mare DMG extra Lifestyle. In data ce Possesed (rage mode-ul) a inceput, bara de coruptie incepe sa scata de la 100 la 0. Dupa ce efectul s-a terminat, jucatorul isi reia forma initiala. bara de orruption primeste un colldown, dupa care incepe sa se incarce iar cu fiecare kill. Procentele si durata te rog sa le adaptezi tu, ulterior le modificam dupa placere/nevoie.
A4: Prag 25% | B4: Corruption | C4: Primești +5% damage | D4: Idee pentru bonus la 25% Corruption | E4: DA
A5: Prag 50% | B5: Corruption | C5: +20% damage; apar upgrade-uri Cursed în oferte | D5: Idee | E5: DA
A6: Prag 75% | B6: Corruption | C6: +30% damage; vizual diferit pentru Kazuma; Kata își pierde 1 secundă de timeout | D6: Idee | E6: MODIFIC | F6: Vizual mov pe marginea ecranului (nu pe caracter)
A7: Prag 100% | B7: Corruption | C7: Berserk 15 s: +60% damage, -50% damage primit, apoi Corruption revine la 0% si aplica cooldown | D7: Idee, rămâne de decis | E7: DA
A8: Cursed Blade | B8: Upgrade Cursed | C8: +60% damage, dar -25% HP maxim | D8: Idee | E8: DA
A9: Cursed Hunger | B9: Upgrade Cursed | C9: Vindecă 6 HP la kill, dar nu mai ai alte vindecări | D9: Idee | E9: NU
A10: Cursed Rhythm | B10: Upgrade Cursed | C10: Flow-ul crește de 2 ori mai repede, dar timeout-ul Kata scade la 1,5 s | D10: Idee | E10: DA
A11: Cursed Haste | B11: Upgrade Cursed | C11: +40% viteză de atac, dar -1 încărcare dash | D11: Idee | E11: DA
A12: Cursed Mirror | B12: Relic Cursed | C12: Perfect Dodge ingheata timpul pana la prima lovitura data unui inamic și Finisher-ele fac dublu damage, dar loviturile primite fac +30% | D12: Idee | E12: DA
A13: Kurotsuki's Gift | B13: Relic Cursed | C13: Un kill adaugă 5 Corruption și 2% damage permanent pe run (max 20%) | D13: Idee | E13: NU
